{
    "epochs": 400,
    "lr": 0.001,
    "weight_decay": 1e-09,
    "device": null,
    "capture_data": [
        "iso",
        "noise_stats",
        "shutter_speed"
    ],
    "output_path": "./models",
    "exp_name": "awb_iso_shutter_speed_noise",
    "user_preference": false,
    "hist_bins": 48,
    "batch_size": 8,
    "optimizer": "adam",
    "target_size": [
        256,
        384
    ],
    "norm_values": {
        "capture-data-min": [
            2.4849066734313965,
            0.0007985461270436645,
            0.0007923334487713873,
            0.0006701729143969715,
            0.0007651631021872163,
            0.0008634099503979087,
            0.0006398030673153698,
            -7.632400989532471
        ],
        "capture-data-max": [
            8.070905685424805,
            0.012255922891199589,
            0.017333216965198517,
            0.0096924202516675,
            0.01604585535824299,
            0.024595238268375397,
            0.02051669731736183,
            -2.3025851249694824
        ]
    },
    "hist_boundaries": [
        0.3689308762550354,
        0.2642074227333069,
        1.0882045030593872,
        0.8738162666559219
    ]
}