{
    "epochs": 400,
    "lr": 0.001,
    "weight_decay": 1e-09,
    "device": null,
    "capture_data": [
        "iso",
        "noise_stats",
        "shutter_speed",
        "snr_stats"
    ],
    "output_path": "./models",
    "exp_name": "awb_iso_shutter_speed_noise_snr",
    "user_preference": false,
    "hist_bins": 48,
    "batch_size": 8,
    "optimizer": "adam",
    "target_size": [
        256,
        384
    ],
    "norm_values": {
        "capture-data-min": [
            2.4849066734313965,
            0.0007985461270436645,
            0.0007923334487713873,
            0.0006701729143969715,
            0.0007651631021872163,
            0.0008634099503979087,
            0.0006398030673153698,
            -7.632400989532471,
            0.0003941674076486379,
            0.002658555284142494,
            7.300439028767869e-05,
            0.0023893811739981174,
            0.007187118288129568,
            0.0007785396883264184
        ],
        "capture-data-max": [
            8.070905685424805,
            0.012255922891199589,
            0.017333216965198517,
            0.0096924202516675,
            0.01604585535824299,
            0.024595238268375397,
            0.02051669731736183,
            -2.3025851249694824,
            0.3321228623390198,
            0.3794923424720764,
            0.37401148676872253,
            0.33439695835113525,
            0.3470863103866577,
            0.3400118947029114
        ]
    },
    "hist_boundaries": [
        0.3689308762550354,
        0.2642074227333069,
        1.0882045030593872,
        0.8738162666559219
    ]
}